"timestamp","galon_price"
"2000-06-05T00:00:00.000000Z",1.61
"2000-06-12T00:00:00.000000Z",1.650000000000
"2000-06-19T00:00:00.000000Z",1.686
"2000-06-26T00:00:00.000000Z",1.705
"2000-07-03T00:00:00.000000Z",1.711
"2000-07-10T00:00:00.000000Z",1.708
"2000-07-17T00:00:00.000000Z",1.703
"2000-07-24T00:00:00.000000Z",1.69
"2000-07-31T00:00:00.000000Z",1.67
"2000-08-07T00:00:00.000000Z",1.656000000000
"2000-08-14T00:00:00.000000Z",1.638000000000
"2000-08-21T00:00:00.000000Z",1.633
"2000-08-28T00:00:00.000000Z",1.623
"2000-09-04T00:00:00.000000Z",1.625
"2000-09-11T00:00:00.000000Z",1.634000000000
"2000-09-18T00:00:00.000000Z",1.630000000000
"2000-09-25T00:00:00.000000Z",1.626000000000
"2000-10-02T00:00:00.000000Z",1.616
"2000-10-09T00:00:00.000000Z",1.605
"2000-10-16T00:00:00.000000Z",1.609
"2000-10-23T00:00:00.000000Z",1.611
"2000-10-30T00:00:00.000000Z",1.613
"2000-11-06T00:00:00.000000Z",1.613
"2000-11-13T00:00:00.000000Z",1.603
"2000-11-20T00:00:00.000000Z",1.603
"2000-11-27T00:00:00.000000Z",1.599
"2000-12-04T00:00:00.000000Z",1.592
"2000-12-11T00:00:00.000000Z",1.579
"2000-12-18T00:00:00.000000Z",1.558
"2000-12-25T00:00:00.000000Z",1.545
"2001-01-01T00:00:00.000000Z",1.537
"2001-01-08T00:00:00.000000Z",1.524
"2001-01-15T00:00:00.000000Z",1.516
"2001-01-22T00:00:00.000000Z",1.51
"2001-01-29T00:00:00.000000Z",1.509000000000
"2001-02-05T00:00:00.000000Z",1.505000000000
"2001-02-12T00:00:00.000000Z",1.507000000000
"2001-02-19T00:00:00.000000Z",1.508
"2001-02-26T00:00:00.000000Z",1.499
"2001-03-05T00:00:00.000000Z",1.492
"2001-03-12T00:00:00.000000Z",1.481
"2001-03-19T00:00:00.000000Z",1.471
"2001-03-26T00:00:00.000000Z",1.457
"2001-04-02T00:00:00.000000Z",1.466
"2001-04-09T00:00:00.000000Z",1.492
"2001-04-16T00:00:00.000000Z",1.552
"2001-04-23T00:00:00.000000Z",1.615
"2001-04-30T00:00:00.000000Z",1.668
"2001-05-07T00:00:00.000000Z",1.723
"2001-05-14T00:00:00.000000Z",1.759000000000
"2001-05-21T00:00:00.000000Z",1.761000000000
"2001-05-28T00:00:00.000000Z",1.797
"2001-06-04T00:00:00.000000Z",1.797
"2001-06-11T00:00:00.000000Z",1.783000000000
"2001-06-18T00:00:00.000000Z",1.762
"2001-06-25T00:00:00.000000Z",1.744
"2001-07-02T00:00:00.000000Z",1.71
"2001-07-09T00:00:00.000000Z",1.684
"2001-07-16T00:00:00.000000Z",1.660000000000
"2001-07-23T00:00:00.000000Z",1.621
"2001-07-30T00:00:00.000000Z",1.586
"2001-08-06T00:00:00.000000Z",1.556
"2001-08-13T00:00:00.000000Z",1.557
"2001-08-20T00:00:00.000000Z",1.542
"2001-08-27T00:00:00.000000Z",1.525000000000
"2001-09-03T00:00:00.000000Z",1.511000000000
"2001-09-10T00:00:00.000000Z",1.508
"2001-09-17T00:00:00.000000Z",1.502
"2001-09-24T00:00:00.000000Z",1.492
"2001-10-01T00:00:00.000000Z",1.463
"2001-10-08T00:00:00.000000Z",1.427
"2001-10-15T00:00:00.000000Z",1.403
"2001-10-22T00:00:00.000000Z",1.372
"2001-10-29T00:00:00.000000Z",1.344
"2001-11-05T00:00:00.000000Z",1.305
"2001-11-12T00:00:00.000000Z",1.276
"2001-11-19T00:00:00.000000Z",1.247
"2001-11-26T00:00:00.000000Z",1.22
"2001-12-03T00:00:00.000000Z",1.193
"2001-12-10T00:00:00.000000Z",1.169
"2001-12-17T00:00:00.000000Z",1.144000000000
"2001-12-24T00:00:00.000000Z",1.137
"2001-12-31T00:00:00.000000Z",1.131
"2002-01-07T00:00:00.000000Z",1.143
"2002-01-14T00:00:00.000000Z",1.165
"2002-01-21T00:00:00.000000Z",1.162
"2002-01-28T00:00:00.000000Z",1.162
"2002-02-04T00:00:00.000000Z",1.155
"2002-02-11T00:00:00.000000Z",1.157
"2002-02-18T00:00:00.000000Z",1.156
"2002-02-25T00:00:00.000000Z",1.162
"2002-03-04T00:00:00.000000Z",1.165
"2002-03-11T00:00:00.000000Z",1.204
"2002-03-18T00:00:00.000000Z",1.271000000000
"2002-03-25T00:00:00.000000Z",1.338
"2002-04-01T00:00:00.000000Z",1.373
"2002-04-08T00:00:00.000000Z",1.405
"2002-04-15T00:00:00.000000Z",1.437
"2002-04-22T00:00:00.000000Z",1.45
"2002-04-29T00:00:00.000000Z",1.451
"2002-05-06T00:00:00.000000Z",1.457
"2002-05-13T00:00:00.000000Z",1.457
"2002-05-20T00:00:00.000000Z",1.457
"2002-05-27T00:00:00.000000Z",1.451
"2002-06-03T00:00:00.000000Z",1.45
"2002-06-10T00:00:00.000000Z",1.442
"2002-06-17T00:00:00.000000Z",1.437
"2002-06-24T00:00:00.000000Z",1.433
"2002-07-01T00:00:00.000000Z",1.429
"2002-07-08T00:00:00.000000Z",1.426
"2002-07-15T00:00:00.000000Z",1.427
"2002-07-22T00:00:00.000000Z",1.448
"2002-07-29T00:00:00.000000Z",1.458
"2002-08-05T00:00:00.000000Z",1.471
"2002-08-12T00:00:00.000000Z",1.473
"2002-08-19T00:00:00.000000Z",1.475
"2002-08-26T00:00:00.000000Z",1.482
"2002-09-02T00:00:00.000000Z",1.482
"2002-09-09T00:00:00.000000Z",1.483
"2002-09-16T00:00:00.000000Z",1.482
"2002-09-23T00:00:00.000000Z",1.483
"2002-09-30T00:00:00.000000Z",1.488
"2002-10-07T00:00:00.000000Z",1.492
"2002-10-14T00:00:00.000000Z",1.495
"2002-10-21T00:00:00.000000Z",1.499
"2002-10-28T00:00:00.000000Z",1.498
"2002-11-04T00:00:00.000000Z",1.503000000000
"2002-11-11T00:00:00.000000Z",1.521000000000
"2002-11-18T00:00:00.000000Z",1.518
"2002-11-25T00:00:00.000000Z",1.517000000000
"2002-12-02T00:00:00.000000Z",1.515000000000
"2002-12-09T00:00:00.000000Z",1.512
"2002-12-16T00:00:00.000000Z",1.507000000000
"2002-12-23T00:00:00.000000Z",1.522
"2002-12-30T00:00:00.000000Z",1.542
"2003-01-06T00:00:00.000000Z",1.552
"2003-01-13T00:00:00.000000Z",1.549
"2003-01-20T00:00:00.000000Z",1.554
"2003-01-27T00:00:00.000000Z",1.551
"2003-02-03T00:00:00.000000Z",1.579
"2003-02-10T00:00:00.000000Z",1.649
"2003-02-17T00:00:00.000000Z",1.685
"2003-02-24T00:00:00.000000Z",1.694
"2003-03-03T00:00:00.000000Z",1.701
"2003-03-10T00:00:00.000000Z",1.708
"2003-03-17T00:00:00.000000Z",1.719
"2003-03-24T00:00:00.000000Z",1.714
"2003-03-31T00:00:00.000000Z",1.697
"2003-04-07T00:00:00.000000Z",1.684
"2003-04-14T00:00:00.000000Z",1.669
"2003-04-21T00:00:00.000000Z",1.654000000000
"2003-04-28T00:00:00.000000Z",1.635
"2003-05-05T00:00:00.000000Z",1.613
"2003-05-12T00:00:00.000000Z",1.593
"2003-05-19T00:00:00.000000Z",1.575
"2003-05-26T00:00:00.000000Z",1.559
"2003-06-02T00:00:00.000000Z",1.538
"2003-06-09T00:00:00.000000Z",1.518
"2003-06-16T00:00:00.000000Z",1.504
"2003-06-23T00:00:00.000000Z",1.496
"2003-06-30T00:00:00.000000Z",1.491
"2003-07-07T00:00:00.000000Z",1.494
"2003-07-14T00:00:00.000000Z",1.517000000000
"2003-07-21T00:00:00.000000Z",1.528
"2003-07-28T00:00:00.000000Z",1.529000000000
"2003-08-04T00:00:00.000000Z",1.53
"2003-08-11T00:00:00.000000Z",1.561
"2003-08-18T00:00:00.000000Z",1.6
"2003-08-25T00:00:00.000000Z",1.776
"2003-09-01T00:00:00.000000Z",1.837
"2003-09-08T00:00:00.000000Z",1.827
"2003-09-15T00:00:00.000000Z",1.807
"2003-09-22T00:00:00.000000Z",1.774
"2003-09-29T00:00:00.000000Z",1.756
"2003-10-06T00:00:00.000000Z",1.739
"2003-10-13T00:00:00.000000Z",1.723
"2003-10-20T00:00:00.000000Z",1.713
"2003-10-27T00:00:00.000000Z",1.693
"2003-11-03T00:00:00.000000Z",1.675
"2003-11-10T00:00:00.000000Z",1.654000000000
"2003-11-17T00:00:00.000000Z",1.635
"2003-11-24T00:00:00.000000Z",1.615
"2003-12-01T00:00:00.000000Z",1.608
"2003-12-08T00:00:00.000000Z",1.597
"2003-12-15T00:00:00.000000Z",1.587
"2003-12-22T00:00:00.000000Z",1.581
"2003-12-29T00:00:00.000000Z",1.575
"2004-01-05T00:00:00.000000Z",1.578
"2004-01-12T00:00:00.000000Z",1.604
"2004-01-19T00:00:00.000000Z",1.634000000000
"2004-01-26T00:00:00.000000Z",1.661
"2004-02-02T00:00:00.000000Z",1.676
"2004-02-09T00:00:00.000000Z",1.674
"2004-02-16T00:00:00.000000Z",1.677
"2004-02-23T00:00:00.000000Z",1.697
"2004-03-01T00:00:00.000000Z",1.72
"2004-03-08T00:00:00.000000Z",1.741
"2004-03-15T00:00:00.000000Z",1.742
"2004-03-22T00:00:00.000000Z",1.752
"2004-03-29T00:00:00.000000Z",1.758
"2004-04-05T00:00:00.000000Z",1.762
"2004-04-12T00:00:00.000000Z",1.765000000000
"2004-04-19T00:00:00.000000Z",1.781000000000
"2004-04-26T00:00:00.000000Z",1.792
"2004-05-03T00:00:00.000000Z",1.83
"2004-05-10T00:00:00.000000Z",1.936
"2004-05-17T00:00:00.000000Z",2.038000000000
"2004-05-24T00:00:00.000000Z",2.097
"2004-05-31T00:00:00.000000Z",2.127000000000
"2004-06-07T00:00:00.000000Z",2.134
"2004-06-14T00:00:00.000000Z",2.126
"2004-06-21T00:00:00.000000Z",2.098
"2004-06-28T00:00:00.000000Z",2.075
"2004-07-05T00:00:00.000000Z",2.05
"2004-07-12T00:00:00.000000Z",2.037
"2004-07-19T00:00:00.000000Z",2.029
"2004-07-26T00:00:00.000000Z",2.018000000000
"2004-08-02T00:00:00.000000Z",2.002000000000
"2004-08-09T00:00:00.000000Z",1.986
"2004-08-16T00:00:00.000000Z",1.971
"2004-08-23T00:00:00.000000Z",1.966
"2004-08-30T00:00:00.000000Z",1.946
"2004-09-06T00:00:00.000000Z",1.924
"2004-09-13T00:00:00.000000Z",1.912000000000
"2004-09-20T00:00:00.000000Z",1.895
"2004-09-27T00:00:00.000000Z",1.915
"2004-10-04T00:00:00.000000Z",1.945
"2004-10-11T00:00:00.000000Z",1.991
"2004-10-18T00:00:00.000000Z",2.052
"2004-10-25T00:00:00.000000Z",2.058
"2004-11-01T00:00:00.000000Z",2.057
"2004-11-08T00:00:00.000000Z",2.041
"2004-11-15T00:00:00.000000Z",2.019
"2004-11-22T00:00:00.000000Z",1.993
"2004-11-29T00:00:00.000000Z",1.983
"2004-12-06T00:00:00.000000Z",1.971
"2004-12-13T00:00:00.000000Z",1.942
"2004-12-20T00:00:00.000000Z",1.927
"2004-12-27T00:00:00.000000Z",1.911
"2005-01-03T00:00:00.000000Z",1.880000000000
"2005-01-10T00:00:00.000000Z",1.864
"2005-01-17T00:00:00.000000Z",1.851
"2005-01-24T00:00:00.000000Z",1.865
"2005-01-31T00:00:00.000000Z",1.922
"2005-02-07T00:00:00.000000Z",1.919
"2005-02-14T00:00:00.000000Z",1.897
"2005-02-21T00:00:00.000000Z",1.884000000000
"2005-02-28T00:00:00.000000Z",1.881
"2005-03-07T00:00:00.000000Z",1.926
"2005-03-14T00:00:00.000000Z",1.973
"2005-03-21T00:00:00.000000Z",2.02
"2005-03-28T00:00:00.000000Z",2.067
"2005-04-04T00:00:00.000000Z",2.133
"2005-04-11T00:00:00.000000Z",2.196
"2005-04-18T00:00:00.000000Z",2.176
"2005-04-25T00:00:00.000000Z",2.204
"2005-05-02T00:00:00.000000Z",2.234
"2005-05-09T00:00:00.000000Z",2.222
"2005-05-16T00:00:00.000000Z",2.201
"2005-05-23T00:00:00.000000Z",2.18
"2005-05-30T00:00:00.000000Z",2.162
"2005-06-06T00:00:00.000000Z",2.155000000000
"2005-06-13T00:00:00.000000Z",2.163000000000
"2005-06-20T00:00:00.000000Z",2.201
"2005-06-27T00:00:00.000000Z",2.242
"2005-07-04T00:00:00.000000Z",2.262
"2005-07-11T00:00:00.000000Z",2.383
"2005-07-18T00:00:00.000000Z",2.396
"2005-07-25T00:00:00.000000Z",2.417000000000
"2005-08-01T00:00:00.000000Z",2.404
"2005-08-08T00:00:00.000000Z",2.422
"2005-08-15T00:00:00.000000Z",2.56
"2005-08-22T00:00:00.000000Z",2.615
"2005-08-29T00:00:00.000000Z",2.609
"2005-09-05T00:00:00.000000Z",3.276000000000
"2005-09-12T00:00:00.000000Z",3.188
"2005-09-19T00:00:00.000000Z",2.997
"2005-09-26T00:00:00.000000Z",2.91
"2005-10-03T00:00:00.000000Z",2.883
"2005-10-10T00:00:00.000000Z",2.827
"2005-10-17T00:00:00.000000Z",2.755
"2005-10-24T00:00:00.000000Z",2.663000000000
"2005-10-31T00:00:00.000000Z",2.550000000000
"2005-11-07T00:00:00.000000Z",2.419
"2005-11-14T00:00:00.000000Z",2.335
"2005-11-21T00:00:00.000000Z",2.251
"2005-11-28T00:00:00.000000Z",2.196
"2005-12-05T00:00:00.000000Z",2.161
"2005-12-12T00:00:00.000000Z",2.208
"2005-12-19T00:00:00.000000Z",2.24
"2005-12-26T00:00:00.000000Z",2.251
"2006-01-02T00:00:00.000000Z",2.302
"2006-01-09T00:00:00.000000Z",2.403
"2006-01-16T00:00:00.000000Z",2.421000000000
"2006-01-23T00:00:00.000000Z",2.45
"2006-01-30T00:00:00.000000Z",2.443
"2006-02-06T00:00:00.000000Z",2.414
"2006-02-13T00:00:00.000000Z",2.359
"2006-02-20T00:00:00.000000Z",2.282
"2006-02-27T00:00:00.000000Z",2.266
"2006-03-06T00:00:00.000000Z",2.296000000000
"2006-03-13T00:00:00.000000Z",2.312
"2006-03-20T00:00:00.000000Z",2.459
"2006-03-27T00:00:00.000000Z",2.475
"2006-04-03T00:00:00.000000Z",2.573
"2006-04-10T00:00:00.000000Z",2.675000000000
"2006-04-17T00:00:00.000000Z",2.792000000000
"2006-04-24T00:00:00.000000Z",2.981
"2006-05-01T00:00:00.000000Z",2.991
"2006-05-08T00:00:00.000000Z",2.997
"2006-05-15T00:00:00.000000Z",3.067
"2006-05-22T00:00:00.000000Z",3.045
"2006-05-29T00:00:00.000000Z",3.026000000000
"2006-06-05T00:00:00.000000Z",3.031
"2006-06-12T00:00:00.000000Z",3.052
"2006-06-19T00:00:00.000000Z",3.025
"2006-06-26T00:00:00.000000Z",3.015
"2006-07-03T00:00:00.000000Z",3.077
"2006-07-10T00:00:00.000000Z",3.118
"2006-07-17T00:00:00.000000Z",3.125
"2006-07-24T00:00:00.000000Z",3.125
"2006-07-31T00:00:00.000000Z",3.127000000000
"2006-08-07T00:00:00.000000Z",3.117
"2006-08-14T00:00:00.000000Z",3.093
"2006-08-21T00:00:00.000000Z",3.013
"2006-08-28T00:00:00.000000Z",2.93
"2006-09-04T00:00:00.000000Z",2.822
"2006-09-11T00:00:00.000000Z",2.723
"2006-09-18T00:00:00.000000Z",2.607
"2006-09-25T00:00:00.000000Z",2.454
"2006-10-02T00:00:00.000000Z",2.354
"2006-10-09T00:00:00.000000Z",2.274
"2006-10-16T00:00:00.000000Z",2.219
"2006-10-23T00:00:00.000000Z",2.173
"2006-10-30T00:00:00.000000Z",2.177
"2006-11-06T00:00:00.000000Z",2.158
"2006-11-13T00:00:00.000000Z",2.185
"2006-11-20T00:00:00.000000Z",2.208
"2006-11-27T00:00:00.000000Z",2.236
"2006-12-04T00:00:00.000000Z",2.298
"2006-12-11T00:00:00.000000Z",2.317
"2006-12-18T00:00:00.000000Z",2.344
"2006-12-25T00:00:00.000000Z",2.395
"2007-01-01T00:00:00.000000Z",2.387
"2007-01-08T00:00:00.000000Z",2.362
"2007-01-15T00:00:00.000000Z",2.319
"2007-01-22T00:00:00.000000Z",2.260000000000
"2007-01-29T00:00:00.000000Z",2.216
"2007-02-05T00:00:00.000000Z",2.185
"2007-02-12T00:00:00.000000Z",2.211
"2007-02-19T00:00:00.000000Z",2.260000000000
"2007-02-26T00:00:00.000000Z",2.356
"2007-03-05T00:00:00.000000Z",2.510000000000
"2007-03-12T00:00:00.000000Z",2.576
"2007-03-19T00:00:00.000000Z",2.611
"2007-03-26T00:00:00.000000Z",2.652
"2007-04-02T00:00:00.000000Z",2.759
"2007-04-09T00:00:00.000000Z",2.794
"2007-04-16T00:00:00.000000Z",2.848
"2007-04-23T00:00:00.000000Z",2.855
"2007-04-30T00:00:00.000000Z",2.945
"2007-05-07T00:00:00.000000Z",3.026000000000
"2007-05-14T00:00:00.000000Z",3.048
"2007-05-21T00:00:00.000000Z",3.104
"2007-05-28T00:00:00.000000Z",3.136
"2007-06-04T00:00:00.000000Z",3.127000000000
"2007-06-11T00:00:00.000000Z",3.095
"2007-06-18T00:00:00.000000Z",3.058000000000
"2007-06-25T00:00:00.000000Z",3.027
"2007-07-02T00:00:00.000000Z",3.007
"2007-07-09T00:00:00.000000Z",3.0
"2007-07-16T00:00:00.000000Z",3.013
"2007-07-23T00:00:00.000000Z",2.987
"2007-07-30T00:00:00.000000Z",2.929000000000
"2007-08-06T00:00:00.000000Z",2.878
"2007-08-13T00:00:00.000000Z",2.814
"2007-08-20T00:00:00.000000Z",2.777
"2007-08-27T00:00:00.000000Z",2.718
"2007-09-03T00:00:00.000000Z",2.707
"2007-09-10T00:00:00.000000Z",2.703
"2007-09-17T00:00:00.000000Z",2.697
"2007-09-24T00:00:00.000000Z",2.713
"2007-10-01T00:00:00.000000Z",2.718
"2007-10-08T00:00:00.000000Z",2.694
"2007-10-15T00:00:00.000000Z",2.689
"2007-10-22T00:00:00.000000Z",2.741
"2007-10-29T00:00:00.000000Z",2.797
"2007-11-05T00:00:00.000000Z",2.925000000000
"2007-11-12T00:00:00.000000Z",3.039
"2007-11-19T00:00:00.000000Z",3.075
"2007-11-26T00:00:00.000000Z",3.089
"2007-12-03T00:00:00.000000Z",3.094
"2007-12-10T00:00:00.000000Z",3.08
"2007-12-17T00:00:00.000000Z",3.059
"2007-12-24T00:00:00.000000Z",3.053
"2007-12-31T00:00:00.000000Z",3.08
"2008-01-07T00:00:00.000000Z",3.121
"2008-01-14T00:00:00.000000Z",3.12
"2008-01-21T00:00:00.000000Z",3.083
"2008-01-28T00:00:00.000000Z",3.045
"2008-02-04T00:00:00.000000Z",3.02
"2008-02-11T00:00:00.000000Z",2.993
"2008-02-18T00:00:00.000000Z",3.029
"2008-02-25T00:00:00.000000Z",3.109
"2008-03-03T00:00:00.000000Z",3.128
"2008-03-10T00:00:00.000000Z",3.15
"2008-03-17T00:00:00.000000Z",3.209
"2008-03-24T00:00:00.000000Z",3.218
"2008-03-31T00:00:00.000000Z",3.215
"2008-04-07T00:00:00.000000Z",3.221
"2008-04-14T00:00:00.000000Z",3.285
"2008-04-21T00:00:00.000000Z",3.467
"2008-04-28T00:00:00.000000Z",3.619
"2008-05-05T00:00:00.000000Z",3.655000000000
"2008-05-12T00:00:00.000000Z",3.746
"2008-05-19T00:00:00.000000Z",3.863
"2008-05-26T00:00:00.000000Z",3.983
"2008-06-02T00:00:00.000000Z",4.046
"2008-06-09T00:00:00.000000Z",4.107
"2008-06-16T00:00:00.000000Z",4.154
"2008-06-23T00:00:00.000000Z",4.16
"2008-06-30T00:00:00.000000Z",4.167
"2008-07-07T00:00:00.000000Z",4.179
"2008-07-14T00:00:00.000000Z",4.172
"2008-07-21T00:00:00.000000Z",4.139
"2008-07-28T00:00:00.000000Z",4.056
"2008-08-04T00:00:00.000000Z",3.986
"2008-08-11T00:00:00.000000Z",3.89
"2008-08-18T00:00:00.000000Z",3.759
"2008-08-25T00:00:00.000000Z",3.675000000000
"2008-09-01T00:00:00.000000Z",3.637
"2008-09-08T00:00:00.000000Z",3.588
"2008-09-15T00:00:00.000000Z",3.644
"2008-09-22T00:00:00.000000Z",3.629
"2008-09-29T00:00:00.000000Z",3.533
"2008-10-06T00:00:00.000000Z",3.398
"2008-10-13T00:00:00.000000Z",3.163000000000
"2008-10-20T00:00:00.000000Z",2.939
"2008-10-27T00:00:00.000000Z",2.73
"2008-11-03T00:00:00.000000Z",2.536
"2008-11-10T00:00:00.000000Z",2.373
"2008-11-17T00:00:00.000000Z",2.198
"2008-11-24T00:00:00.000000Z",2.039
"2008-12-01T00:00:00.000000Z",1.941
"2008-12-08T00:00:00.000000Z",1.841
"2008-12-15T00:00:00.000000Z",1.755000000000
"2008-12-22T00:00:00.000000Z",1.706
"2008-12-29T00:00:00.000000Z",1.649
"2009-01-05T00:00:00.000000Z",1.637
"2009-01-12T00:00:00.000000Z",1.728
"2009-01-19T00:00:00.000000Z",1.775000000000
"2009-01-26T00:00:00.000000Z",1.793
"2009-02-02T00:00:00.000000Z",1.859
"2009-02-09T00:00:00.000000Z",1.910000000000
"2009-02-16T00:00:00.000000Z",1.945
"2009-02-23T00:00:00.000000Z",1.93
"2009-03-02T00:00:00.000000Z",1.909
"2009-03-09T00:00:00.000000Z",1.912000000000
"2009-03-16T00:00:00.000000Z",1.907
"2009-03-23T00:00:00.000000Z",1.93
"2009-03-30T00:00:00.000000Z",1.994
"2009-04-06T00:00:00.000000Z",1.995
"2009-04-13T00:00:00.000000Z",2.003
"2009-04-20T00:00:00.000000Z",2.028
"2009-04-27T00:00:00.000000Z",2.049
"2009-05-04T00:00:00.000000Z",2.081
"2009-05-11T00:00:00.000000Z",2.225
"2009-05-18T00:00:00.000000Z",2.314
"2009-05-25T00:00:00.000000Z",2.424
"2009-06-01T00:00:00.000000Z",2.494
"2009-06-08T00:00:00.000000Z",2.578
"2009-06-15T00:00:00.000000Z",2.658
"2009-06-22T00:00:00.000000Z",2.714
"2009-06-29T00:00:00.000000Z",2.7
"2009-07-06T00:00:00.000000Z",2.678
"2009-07-13T00:00:00.000000Z",2.615
"2009-07-20T00:00:00.000000Z",2.562
"2009-07-27T00:00:00.000000Z",2.553
"2009-08-03T00:00:00.000000Z",2.6
"2009-08-10T00:00:00.000000Z",2.672
"2009-08-17T00:00:00.000000Z",2.689
"2009-08-24T00:00:00.000000Z",2.684
"2009-08-31T00:00:00.000000Z",2.688
"2009-09-07T00:00:00.000000Z",2.679000000000
"2009-09-14T00:00:00.000000Z",2.663000000000
"2009-09-21T00:00:00.000000Z",2.618
"2009-09-28T00:00:00.000000Z",2.558000000000
"2009-10-05T00:00:00.000000Z",2.502000000000
"2009-10-12T00:00:00.000000Z",2.481
"2009-10-19T00:00:00.000000Z",2.563
"2009-10-26T00:00:00.000000Z",2.649
"2009-11-02T00:00:00.000000Z",2.697
"2009-11-09T00:00:00.000000Z",2.695
"2009-11-16T00:00:00.000000Z",2.679000000000
"2009-11-23T00:00:00.000000Z",2.678
"2009-11-30T00:00:00.000000Z",2.68
"2009-12-07T00:00:00.000000Z",2.677
"2009-12-14T00:00:00.000000Z",2.658
"2009-12-21T00:00:00.000000Z",2.643000000000
"2009-12-28T00:00:00.000000Z",2.647000000000
"2010-01-04T00:00:00.000000Z",2.686
"2010-01-11T00:00:00.000000Z",2.756000000000
"2010-01-18T00:00:00.000000Z",2.767
"2010-01-25T00:00:00.000000Z",2.747
"2010-02-01T00:00:00.000000Z",2.731
"2010-02-08T00:00:00.000000Z",2.718
"2010-02-15T00:00:00.000000Z",2.69
"2010-02-22T00:00:00.000000Z",2.697
"2010-03-01T00:00:00.000000Z",2.711
"2010-03-08T00:00:00.000000Z",2.743
"2010-03-15T00:00:00.000000Z",2.765
"2010-03-22T00:00:00.000000Z",2.764000000000
"2010-03-29T00:00:00.000000Z",2.761
"2010-04-05T00:00:00.000000Z",2.779
"2010-04-12T00:00:00.000000Z",2.811
"2010-04-19T00:00:00.000000Z",2.827
"2010-04-26T00:00:00.000000Z",2.864
"2010-05-03T00:00:00.000000Z",2.927
"2010-05-10T00:00:00.000000Z",2.948
"2010-05-17T00:00:00.000000Z",2.927
"2010-05-24T00:00:00.000000Z",2.87
"2010-05-31T00:00:00.000000Z",2.827
"2010-06-07T00:00:00.000000Z",2.793
"2010-06-14T00:00:00.000000Z",2.761
"2010-06-21T00:00:00.000000Z",2.769
"2010-06-28T00:00:00.000000Z",2.785
"2010-07-05T00:00:00.000000Z",2.769
"2010-07-12T00:00:00.000000Z",2.759
"2010-07-19T00:00:00.000000Z",2.753
"2010-07-26T00:00:00.000000Z",2.759
"2010-08-02T00:00:00.000000Z",2.755
"2010-08-09T00:00:00.000000Z",2.752000000000
"2010-08-16T00:00:00.000000Z",2.732
"2010-08-23T00:00:00.000000Z",2.697
"2010-08-30T00:00:00.000000Z",2.663000000000
"2010-09-06T00:00:00.000000Z",2.653
"2010-09-13T00:00:00.000000Z",2.649
"2010-09-20T00:00:00.000000Z",2.645
"2010-09-27T00:00:00.000000Z",2.645
"2010-10-04T00:00:00.000000Z",2.702
"2010-10-11T00:00:00.000000Z",2.806
"2010-10-18T00:00:00.000000Z",2.864
"2010-10-25T00:00:00.000000Z",2.874
"2010-11-01T00:00:00.000000Z",2.867
"2010-11-08T00:00:00.000000Z",2.893000000000
"2010-11-15T00:00:00.000000Z",2.97
"2010-11-22T00:00:00.000000Z",3.013
"2010-11-29T00:00:00.000000Z",3.022000000000
"2010-12-06T00:00:00.000000Z",3.077
"2010-12-13T00:00:00.000000Z",3.108
"2010-12-20T00:00:00.000000Z",3.115
"2010-12-27T00:00:00.000000Z",3.146
"2011-01-03T00:00:00.000000Z",3.158
"2011-01-10T00:00:00.000000Z",3.177
"2011-01-17T00:00:00.000000Z",3.192
"2011-01-24T00:00:00.000000Z",3.208
"2011-01-31T00:00:00.000000Z",3.21
"2011-02-07T00:00:00.000000Z",3.221
"2011-02-14T00:00:00.000000Z",3.227
"2011-02-21T00:00:00.000000Z",3.246
"2011-02-28T00:00:00.000000Z",3.403
"2011-03-07T00:00:00.000000Z",3.548
"2011-03-14T00:00:00.000000Z",3.591
"2011-03-21T00:00:00.000000Z",3.591
"2011-03-28T00:00:00.000000Z",3.605
"2011-04-04T00:00:00.000000Z",3.676
"2011-04-11T00:00:00.000000Z",3.766
"2011-04-18T00:00:00.000000Z",3.866
"2011-04-25T00:00:00.000000Z",3.945000000000
"2011-05-02T00:00:00.000000Z",4.045
"2011-05-09T00:00:00.000000Z",4.069
"2011-05-16T00:00:00.000000Z",4.064
"2011-05-23T00:00:00.000000Z",3.996
"2011-05-30T00:00:00.000000Z",3.929000000000
"2011-06-06T00:00:00.000000Z",3.869
"2011-06-13T00:00:00.000000Z",3.833
"2011-06-20T00:00:00.000000Z",3.792000000000
"2011-06-27T00:00:00.000000Z",3.759
"2011-07-04T00:00:00.000000Z",3.72
"2011-07-11T00:00:00.000000Z",3.762
"2011-07-18T00:00:00.000000Z",3.808000000000
"2011-07-25T00:00:00.000000Z",3.839
"2011-08-01T00:00:00.000000Z",3.863
"2011-08-08T00:00:00.000000Z",3.825
"2011-08-15T00:00:00.000000Z",3.759
"2011-08-22T00:00:00.000000Z",3.708
"2011-08-29T00:00:00.000000Z",3.708
"2011-09-05T00:00:00.000000Z",3.737
"2011-09-12T00:00:00.000000Z",3.735
"2011-09-19T00:00:00.000000Z",3.692
"2011-09-26T00:00:00.000000Z",3.625
"2011-10-03T00:00:00.000000Z",3.549
"2011-10-10T00:00:00.000000Z",3.505
"2011-10-17T00:00:00.000000Z",3.535
"2011-10-24T00:00:00.000000Z",3.533
"2011-10-31T00:00:00.000000Z",3.510000000000
"2011-11-07T00:00:00.000000Z",3.486
"2011-11-14T00:00:00.000000Z",3.487
"2011-11-21T00:00:00.000000Z",3.454
"2011-11-28T00:00:00.000000Z",3.414
"2011-12-05T00:00:00.000000Z",3.37
"2011-12-12T00:00:00.000000Z",3.363
"2011-12-19T00:00:00.000000Z",3.335
"2011-12-26T00:00:00.000000Z",3.331
"2012-01-02T00:00:00.000000Z",3.366
"2012-01-09T00:00:00.000000Z",3.459
"2012-01-16T00:00:00.000000Z",3.484
"2012-01-23T00:00:00.000000Z",3.522000000000
"2012-01-30T00:00:00.000000Z",3.588
"2012-02-06T00:00:00.000000Z",3.619
"2012-02-13T00:00:00.000000Z",3.66
"2012-02-20T00:00:00.000000Z",3.703000000000
"2012-02-27T00:00:00.000000Z",3.772000000000
"2012-03-05T00:00:00.000000Z",3.81
"2012-03-12T00:00:00.000000Z",3.817
"2012-03-19T00:00:00.000000Z",3.825
"2012-03-26T00:00:00.000000Z",3.869
"2012-04-02T00:00:00.000000Z",3.913000000000
"2012-04-09T00:00:00.000000Z",3.974
"2012-04-16T00:00:00.000000Z",3.963
"2012-04-23T00:00:00.000000Z",3.95
"2012-04-30T00:00:00.000000Z",3.899
"2012-05-07T00:00:00.000000Z",3.851
"2012-05-14T00:00:00.000000Z",3.808000000000
"2012-05-21T00:00:00.000000Z",3.758
"2012-05-28T00:00:00.000000Z",3.705
"2012-06-04T00:00:00.000000Z",3.66
"2012-06-11T00:00:00.000000Z",3.584
"2012-06-18T00:00:00.000000Z",3.514000000000
"2012-06-25T00:00:00.000000Z",3.467
"2012-07-02T00:00:00.000000Z",3.443
"2012-07-09T00:00:00.000000Z",3.497
"2012-07-16T00:00:00.000000Z",3.553
"2012-07-23T00:00:00.000000Z",3.649
"2012-07-30T00:00:00.000000Z",3.653
"2012-08-06T00:00:00.000000Z",3.705
"2012-08-13T00:00:00.000000Z",3.794
"2012-08-20T00:00:00.000000Z",3.821
"2012-08-27T00:00:00.000000Z",3.838
"2012-09-03T00:00:00.000000Z",3.869
"2012-09-10T00:00:00.000000Z",3.895
"2012-09-17T00:00:00.000000Z",3.99
"2012-09-24T00:00:00.000000Z",3.938
"2012-10-01T00:00:00.000000Z",3.931
"2012-10-08T00:00:00.000000Z",3.958
"2012-10-15T00:00:00.000000Z",3.917000000000
"2012-10-22T00:00:00.000000Z",3.816000000000
"2012-10-29T00:00:00.000000Z",3.692
"2012-11-05T00:00:00.000000Z",3.695000000000
"2012-11-12T00:00:00.000000Z",3.7
"2012-11-19T00:00:00.000000Z",3.732
"2012-11-26T00:00:00.000000Z",3.709
"2012-12-03T00:00:00.000000Z",3.649
"2012-12-10T00:00:00.000000Z",3.599
"2012-12-17T00:00:00.000000Z",3.536
"2012-12-24T00:00:00.000000Z",3.518000000000
"2012-12-31T00:00:00.000000Z",3.538000000000
"2013-01-07T00:00:00.000000Z",3.546000000000
"2013-01-14T00:00:00.000000Z",3.544
"2013-01-21T00:00:00.000000Z",3.512
"2013-01-28T00:00:00.000000Z",3.547
"2013-02-04T00:00:00.000000Z",3.692
"2013-02-11T00:00:00.000000Z",3.753
"2013-02-18T00:00:00.000000Z",3.791
"2013-02-25T00:00:00.000000Z",3.819
"2013-03-04T00:00:00.000000Z",3.784000000000
"2013-03-11T00:00:00.000000Z",3.757
"2013-03-18T00:00:00.000000Z",3.723
"2013-03-25T00:00:00.000000Z",3.701
"2013-04-01T00:00:00.000000Z",3.68
"2013-04-08T00:00:00.000000Z",3.634
"2013-04-15T00:00:00.000000Z",3.584
"2013-04-22T00:00:00.000000Z",3.532
"2013-04-29T00:00:00.000000Z",3.515
"2013-05-06T00:00:00.000000Z",3.527
"2013-05-13T00:00:00.000000Z",3.573
"2013-05-20T00:00:00.000000Z",3.593
"2013-05-27T00:00:00.000000Z",3.616
"2013-06-03T00:00:00.000000Z",3.599
"2013-06-10T00:00:00.000000Z",3.597
"2013-06-17T00:00:00.000000Z",3.585
"2013-06-24T00:00:00.000000Z",3.597
"2013-07-01T00:00:00.000000Z",3.583
"2013-07-08T00:00:00.000000Z",3.581
"2013-07-15T00:00:00.000000Z",3.722
"2013-07-22T00:00:00.000000Z",3.764000000000
"2013-07-29T00:00:00.000000Z",3.81
"2013-08-05T00:00:00.000000Z",3.779
"2013-08-12T00:00:00.000000Z",3.718
"2013-08-19T00:00:00.000000Z",3.69
"2013-08-26T00:00:00.000000Z",3.672
"2013-09-02T00:00:00.000000Z",3.705
"2013-09-09T00:00:00.000000Z",3.712
"2013-09-16T00:00:00.000000Z",3.672
"2013-09-23T00:00:00.000000Z",3.584
"2013-09-30T00:00:00.000000Z",3.523
"2013-10-07T00:00:00.000000Z",3.465
"2013-10-14T00:00:00.000000Z",3.42
"2013-10-21T00:00:00.000000Z",3.397000000000
"2013-10-28T00:00:00.000000Z",3.378
"2013-11-04T00:00:00.000000Z",3.361
"2013-11-11T00:00:00.000000Z",3.318
"2013-11-18T00:00:00.000000Z",3.358
"2013-11-25T00:00:00.000000Z",3.441000000000
"2013-12-02T00:00:00.000000Z",3.465
"2013-12-09T00:00:00.000000Z",3.471
"2013-12-16T00:00:00.000000Z",3.487
"2013-12-23T00:00:00.000000Z",3.5
"2013-12-30T00:00:00.000000Z",3.542000000000
"2014-01-06T00:00:00.000000Z",3.539
"2014-01-13T00:00:00.000000Z",3.496
"2014-01-20T00:00:00.000000Z",3.445000000000
"2014-01-27T00:00:00.000000Z",3.428
"2014-02-03T00:00:00.000000Z",3.415
"2014-02-10T00:00:00.000000Z",3.417000000000
"2014-02-17T00:00:00.000000Z",3.511
"2014-02-24T00:00:00.000000Z",3.541
"2014-03-03T00:00:00.000000Z",3.56
"2014-03-10T00:00:00.000000Z",3.608
"2014-03-17T00:00:00.000000Z",3.607
"2014-03-24T00:00:00.000000Z",3.597
"2014-03-31T00:00:00.000000Z",3.584
"2014-04-07T00:00:00.000000Z",3.594
"2014-04-14T00:00:00.000000Z",3.603
"2014-04-21T00:00:00.000000Z",3.681
"2014-04-28T00:00:00.000000Z",3.775
"2014-05-05T00:00:00.000000Z",3.753
"2014-05-12T00:00:00.000000Z",3.732
"2014-05-19T00:00:00.000000Z",3.712
"2014-05-26T00:00:00.000000Z",3.719
"2014-06-02T00:00:00.000000Z",3.72
"2014-06-09T00:00:00.000000Z",3.726
"2014-06-16T00:00:00.000000Z",3.738
"2014-06-23T00:00:00.000000Z",3.779
"2014-06-30T00:00:00.000000Z",3.796000000000
"2014-07-07T00:00:00.000000Z",3.788000000000
"2014-07-14T00:00:00.000000Z",3.743
"2014-07-21T00:00:00.000000Z",3.699000000000
"2014-07-28T00:00:00.000000Z",3.639000000000
"2014-08-04T00:00:00.000000Z",3.603
"2014-08-11T00:00:00.000000Z",3.562000000000
"2014-08-18T00:00:00.000000Z",3.509
"2014-08-25T00:00:00.000000Z",3.479
"2014-09-01T00:00:00.000000Z",3.467
"2014-09-08T00:00:00.000000Z",3.475
"2014-09-15T00:00:00.000000Z",3.445000000000
"2014-09-22T00:00:00.000000Z",3.382
"2014-09-29T00:00:00.000000Z",3.357
"2014-10-06T00:00:00.000000Z",3.353
"2014-10-13T00:00:00.000000Z",3.283
"2014-10-20T00:00:00.000000Z",3.201
"2014-10-27T00:00:00.000000Z",3.106
"2014-11-03T00:00:00.000000Z",3.073
"2014-11-10T00:00:00.000000Z",3.023
"2014-11-17T00:00:00.000000Z",2.996
"2014-11-24T00:00:00.000000Z",2.944
"2014-12-01T00:00:00.000000Z",2.913000000000
"2014-12-08T00:00:00.000000Z",2.83
"2014-12-15T00:00:00.000000Z",2.722
"2014-12-22T00:00:00.000000Z",2.615
"2014-12-29T00:00:00.000000Z",2.537
"2015-01-05T00:00:00.000000Z",2.434
"2015-01-12T00:00:00.000000Z",2.305
"2015-01-19T00:00:00.000000Z",2.195
"2015-01-26T00:00:00.000000Z",2.123
"2015-02-02T00:00:00.000000Z",2.116
"2015-02-09T00:00:00.000000Z",2.209
"2015-02-16T00:00:00.000000Z",2.263
"2015-02-23T00:00:00.000000Z",2.31
"2015-03-02T00:00:00.000000Z",2.392
"2015-03-09T00:00:00.000000Z",2.449
"2015-03-16T00:00:00.000000Z",2.431
"2015-03-23T00:00:00.000000Z",2.379
"2015-03-30T00:00:00.000000Z",2.362
"2015-04-06T00:00:00.000000Z",2.354
"2015-04-13T00:00:00.000000Z",2.359
"2015-04-20T00:00:00.000000Z",2.493
"2015-04-27T00:00:00.000000Z",2.57
"2015-05-04T00:00:00.000000Z",2.644
"2015-05-11T00:00:00.000000Z",2.678
"2015-05-18T00:00:00.000000Z",2.685
"2015-05-25T00:00:00.000000Z",2.711
"2015-06-01T00:00:00.000000Z",2.713
"2015-06-08T00:00:00.000000Z",2.721
"2015-06-15T00:00:00.000000Z",2.785
"2015-06-22T00:00:00.000000Z",2.749
"2015-06-29T00:00:00.000000Z",2.795
"2015-07-06T00:00:00.000000Z",2.800000000000
"2015-07-13T00:00:00.000000Z",2.787
"2015-07-20T00:00:00.000000Z",2.742
"2015-07-27T00:00:00.000000Z",2.703
"2015-08-03T00:00:00.000000Z",2.655000000000
"2015-08-10T00:00:00.000000Z",2.608
"2015-08-17T00:00:00.000000Z",2.561
"2015-08-24T00:00:00.000000Z",2.496
"2015-08-31T00:00:00.000000Z",2.396
"2015-09-07T00:00:00.000000Z",2.348
"2015-09-14T00:00:00.000000Z",2.289
"2015-09-21T00:00:00.000000Z",2.241
"2015-09-28T00:00:00.000000Z",2.201
"2015-10-05T00:00:00.000000Z",2.152
"2015-10-12T00:00:00.000000Z",2.162
"2015-10-19T00:00:00.000000Z",2.156
"2015-10-26T00:00:00.000000Z",2.121
"2015-11-02T00:00:00.000000Z",2.099
"2015-11-09T00:00:00.000000Z",2.162
"2015-11-16T00:00:00.000000Z",2.147000000000
"2015-11-23T00:00:00.000000Z",2.12
"2015-11-30T00:00:00.000000Z",2.117
"2015-12-07T00:00:00.000000Z",2.109
"2015-12-14T00:00:00.000000Z",2.067
"2015-12-21T00:00:00.000000Z",2.051
"2015-12-28T00:00:00.000000Z",2.030000000000
"2016-01-04T00:00:00.000000Z",2.001
"2016-01-11T00:00:00.000000Z",1.98
"2016-01-18T00:00:00.000000Z",1.914000000000
"2016-01-25T00:00:00.000000Z",1.886000000000
"2016-02-01T00:00:00.000000Z",1.857
"2016-02-08T00:00:00.000000Z",1.821
"2016-02-15T00:00:00.000000Z",1.756
"2016-02-22T00:00:00.000000Z",1.744
"2016-02-29T00:00:00.000000Z",1.721
"2016-03-07T00:00:00.000000Z",1.732
"2016-03-14T00:00:00.000000Z",1.833
"2016-03-21T00:00:00.000000Z",1.864
"2016-03-28T00:00:00.000000Z",1.957
"2016-04-04T00:00:00.000000Z",1.991
"2016-04-11T00:00:00.000000Z",2.014000000000
"2016-04-18T00:00:00.000000Z",2.106
"2016-04-25T00:00:00.000000Z",2.131000000000
"2016-05-02T00:00:00.000000Z",2.196
"2016-05-09T00:00:00.000000Z",2.219
"2016-05-16T00:00:00.000000Z",2.218
"2016-05-23T00:00:00.000000Z",2.241
"2016-05-30T00:00:00.000000Z",2.287
"2016-06-06T00:00:00.000000Z",2.284000000000
"2016-06-13T00:00:00.000000Z",2.29
"2016-06-20T00:00:00.000000Z",2.277
"2016-06-27T00:00:00.000000Z",2.283
"2016-07-04T00:00:00.000000Z",2.263
"2016-07-11T00:00:00.000000Z",2.237
"2016-07-18T00:00:00.000000Z",2.207
"2016-07-25T00:00:00.000000Z",2.179
"2016-08-01T00:00:00.000000Z",2.159000000000
"2016-08-08T00:00:00.000000Z",2.125
"2016-08-15T00:00:00.000000Z",2.112
"2016-08-22T00:00:00.000000Z",2.137
"2016-08-29T00:00:00.000000Z",2.153
"2016-09-05T00:00:00.000000Z",2.168
"2016-09-12T00:00:00.000000Z",2.147000000000
"2016-09-19T00:00:00.000000Z",2.156
"2016-09-26T00:00:00.000000Z",2.158
"2016-10-03T00:00:00.000000Z",2.162
"2016-10-10T00:00:00.000000Z",2.18
"2016-10-17T00:00:00.000000Z",2.182
"2016-10-24T00:00:00.000000Z",2.201
"2016-10-31T00:00:00.000000Z",2.2
"2016-11-07T00:00:00.000000Z",2.314
"2016-11-14T00:00:00.000000Z",2.307
"2016-11-21T00:00:00.000000Z",2.273
"2016-11-28T00:00:00.000000Z",2.267
"2016-12-05T00:00:00.000000Z",2.322
"2016-12-12T00:00:00.000000Z",2.345
"2016-12-19T00:00:00.000000Z",2.364
"2016-12-26T00:00:00.000000Z",2.411
"2017-01-02T00:00:00.000000Z",2.468
"2017-01-09T00:00:00.000000Z",2.48
"2017-01-16T00:00:00.000000Z",2.456
"2017-01-23T00:00:00.000000Z",2.449
"2017-01-30T00:00:00.000000Z",2.427
"2017-02-06T00:00:00.000000Z",2.401000000000
"2017-02-13T00:00:00.000000Z",2.395
"2017-02-20T00:00:00.000000Z",2.385000000000
"2017-02-27T00:00:00.000000Z",2.368
"2017-03-06T00:00:00.000000Z",2.345
"2017-03-13T00:00:00.000000Z",2.344
"2017-03-20T00:00:00.000000Z",2.329
"2017-03-27T00:00:00.000000Z",2.327
"2017-04-03T00:00:00.000000Z",2.346
"2017-04-10T00:00:00.000000Z",2.412
"2017-04-17T00:00:00.000000Z",2.449
"2017-04-24T00:00:00.000000Z",2.461
"2017-05-01T00:00:00.000000Z",2.442
"2017-05-08T00:00:00.000000Z",2.422
"2017-05-15T00:00:00.000000Z",2.403
"2017-05-22T00:00:00.000000Z",2.399
"2017-05-29T00:00:00.000000Z",2.432
"2017-06-05T00:00:00.000000Z",2.424
"2017-06-12T00:00:00.000000Z",2.413000000000
"2017-06-19T00:00:00.000000Z",2.38
"2017-06-26T00:00:00.000000Z",2.354
"2017-07-03T00:00:00.000000Z",2.334
"2017-07-10T00:00:00.000000Z",2.343
"2017-07-17T00:00:00.000000Z",2.342
"2017-07-24T00:00:00.000000Z",2.372
"2017-07-31T00:00:00.000000Z",2.391
"2017-08-07T00:00:00.000000Z",2.453
"2017-08-14T00:00:00.000000Z",2.436
"2017-08-21T00:00:00.000000Z",2.41
"2017-08-28T00:00:00.000000Z",2.412
"2017-09-04T00:00:00.000000Z",2.791
"2017-09-11T00:00:00.000000Z",2.803
"2017-09-18T00:00:00.000000Z",2.763
"2017-09-25T00:00:00.000000Z",2.688
"2017-10-02T00:00:00.000000Z",2.635000000000
"2017-10-09T00:00:00.000000Z",2.583
"2017-10-16T00:00:00.000000Z",2.537
"2017-10-23T00:00:00.000000Z",2.514000000000
"2017-10-30T00:00:00.000000Z",2.519
"2017-11-06T00:00:00.000000Z",2.564
"2017-11-13T00:00:00.000000Z",2.615
"2017-11-20T00:00:00.000000Z",2.604
"2017-11-27T00:00:00.000000Z",2.601
"2017-12-04T00:00:00.000000Z",2.593
"2017-12-11T00:00:00.000000Z",2.556
"2017-12-18T00:00:00.000000Z",2.529
"2017-12-25T00:00:00.000000Z",2.5
"2018-01-01T00:00:00.000000Z",2.57
"2018-01-08T00:00:00.000000Z",2.589
"2018-01-15T00:00:00.000000Z",2.588
"2018-01-22T00:00:00.000000Z",2.627000000000
"2018-01-29T00:00:00.000000Z",2.682
"2018-02-05T00:00:00.000000Z",2.71
"2018-02-12T00:00:00.000000Z",2.691
"2018-02-19T00:00:00.000000Z",2.657
"2018-02-26T00:00:00.000000Z",2.622
"2018-03-05T00:00:00.000000Z",2.601
"2018-03-12T00:00:00.000000Z",2.581
"2018-03-19T00:00:00.000000Z",2.579
"2018-03-26T00:00:00.000000Z",2.646
"2018-04-02T00:00:00.000000Z",2.687000000000
"2018-04-09T00:00:00.000000Z",2.691
"2018-04-16T00:00:00.000000Z",2.744
"2018-04-23T00:00:00.000000Z",2.841
"2018-04-30T00:00:00.000000Z",2.907
"2018-05-07T00:00:00.000000Z",2.923
"2018-05-14T00:00:00.000000Z",2.944
"2018-05-21T00:00:00.000000Z",3.0
"2018-05-28T00:00:00.000000Z",3.013
"2018-06-04T00:00:00.000000Z",2.981
"2018-06-11T00:00:00.000000Z",2.968
"2018-06-18T00:00:00.000000Z",2.92
"2018-06-25T00:00:00.000000Z",2.881000000000
"2018-07-02T00:00:00.000000Z",2.895
"2018-07-09T00:00:00.000000Z",2.898
"2018-07-16T00:00:00.000000Z",2.906
"2018-07-23T00:00:00.000000Z",2.871
"2018-07-30T00:00:00.000000Z",2.899
"2018-08-06T00:00:00.000000Z",2.888
"2018-08-13T00:00:00.000000Z",2.885000000000
"2018-08-20T00:00:00.000000Z",2.87
"2018-08-27T00:00:00.000000Z",2.87
"2018-09-03T00:00:00.000000Z",2.862
"2018-09-10T00:00:00.000000Z",2.872
"2018-09-17T00:00:00.000000Z",2.881000000000
"2018-09-24T00:00:00.000000Z",2.85
"2018-10-01T00:00:00.000000Z",2.864
"2018-10-08T00:00:00.000000Z",2.898
"2018-10-15T00:00:00.000000Z",2.881000000000
"2018-10-22T00:00:00.000000Z",2.863
"2018-10-29T00:00:00.000000Z",2.829
"2018-11-05T00:00:00.000000Z",2.789
"2018-11-12T00:00:00.000000Z",2.712
"2018-11-19T00:00:00.000000Z",2.664
"2018-11-26T00:00:00.000000Z",2.623
"2018-12-03T00:00:00.000000Z",2.571
"2018-12-10T00:00:00.000000Z",2.515
"2018-12-17T00:00:00.000000Z",2.488
"2018-12-24T00:00:00.000000Z",2.448
"2018-12-31T00:00:00.000000Z",2.409000000000
"2019-01-07T00:00:00.000000Z",2.398
"2019-01-14T00:00:00.000000Z",2.377000000000
"2019-01-21T00:00:00.000000Z",2.377000000000
"2019-01-28T00:00:00.000000Z",2.358
"2019-02-04T00:00:00.000000Z",2.337
"2019-02-11T00:00:00.000000Z",2.323
"2019-02-18T00:00:00.000000Z",2.345
"2019-02-25T00:00:00.000000Z",2.43
"2019-03-04T00:00:00.000000Z",2.441
"2019-03-11T00:00:00.000000Z",2.502000000000
"2019-03-18T00:00:00.000000Z",2.573
"2019-03-25T00:00:00.000000Z",2.637
"2019-04-01T00:00:00.000000Z",2.65
"2019-04-08T00:00:00.000000Z",2.698
"2019-04-15T00:00:00.000000Z",2.772000000000
"2019-04-22T00:00:00.000000Z",2.839
"2019-04-29T00:00:00.000000Z",2.924
"2019-05-06T00:00:00.000000Z",2.927
"2019-05-13T00:00:00.000000Z",2.915
"2019-05-20T00:00:00.000000Z",2.896
"2019-05-27T00:00:00.000000Z",2.851
"2019-06-03T00:00:00.000000Z",2.82
"2019-06-10T00:00:00.000000Z",2.773
"2019-06-17T00:00:00.000000Z",2.74
"2019-06-24T00:00:00.000000Z",2.713
"2019-07-01T00:00:00.000000Z",2.774
"2019-07-08T00:00:00.000000Z",2.765
"2019-07-15T00:00:00.000000Z",2.794
"2019-07-22T00:00:00.000000Z",2.784000000000
"2019-07-29T00:00:00.000000Z",2.764000000000
"2019-08-05T00:00:00.000000Z",2.746
"2019-08-12T00:00:00.000000Z",2.705
"2019-08-19T00:00:00.000000Z",2.679000000000
"2019-08-26T00:00:00.000000Z",2.655000000000
"2019-09-02T00:00:00.000000Z",2.611
"2019-09-09T00:00:00.000000Z",2.591
"2019-09-16T00:00:00.000000Z",2.547
"2019-09-23T00:00:00.000000Z",2.581
"2019-09-30T00:00:00.000000Z",2.56
"2019-10-07T00:00:00.000000Z",2.542000000000
"2019-10-14T00:00:00.000000Z",2.514000000000
"2019-10-21T00:00:00.000000Z",2.517
"2019-10-28T00:00:00.000000Z",2.522000000000
"2019-11-04T00:00:00.000000Z",2.550000000000
"2019-11-11T00:00:00.000000Z",2.556
"2019-11-18T00:00:00.000000Z",2.539
"2019-11-25T00:00:00.000000Z",2.524
"2019-12-02T00:00:00.000000Z",2.525
"2019-12-09T00:00:00.000000Z",2.513
"2019-12-16T00:00:00.000000Z",2.512
"2019-12-23T00:00:00.000000Z",2.552
"2019-12-30T00:00:00.000000Z",2.559
"2020-01-06T00:00:00.000000Z",2.598
"2020-01-13T00:00:00.000000Z",2.595
"2020-01-20T00:00:00.000000Z",2.568
"2020-01-27T00:00:00.000000Z",2.526000000000
"2020-02-03T00:00:00.000000Z",2.483
"2020-02-10T00:00:00.000000Z",2.45
